scope,target,metric,pearson_corr,abs_pearson_corr,cases,data_profile,L,active_pct
by_L,best_tested_T_over_K,tail_mass_p80,-0.25011519514539987,0.25011519514539987,5600,,10.0,
by_L,best_tested_T_over_K,tail_mass_p80,-0.24322289047812384,0.24322289047812384,5600,,6.0,
by_L,best_tested_T_over_K,tail_mass_p80,-0.23942326832224411,0.23942326832224411,5600,,8.0,
by_L,best_tested_T_over_K,tail_mass_p90,-0.23822695850206488,0.23822695850206488,5600,,10.0,
by_L,best_tested_T_over_K,tail_mass_p90,-0.23152394056042358,0.23152394056042358,5600,,6.0,
by_L,best_tested_T_over_K,tail_mass_p90,-0.2273498383461424,0.2273498383461424,5600,,8.0,
by_L,best_tested_T_over_K,row_power_cv,-0.22729200558869067,0.22729200558869067,5600,,10.0,
by_L,best_tested_T_over_K,tail_mass_p95,-0.22723409687735777,0.22723409687735777,5600,,10.0,
by_L,best_tested_T_over_K,row_power_p95_p50,-0.2228076998272577,0.2228076998272577,5600,,10.0,
by_L,best_tested_T_over_K,tail_mass_p80,-0.2206149843794209,0.2206149843794209,5600,,4.0,
by_L,best_tested_T_over_K,tail_mass_p95,-0.22045567930592017,0.22045567930592017,5600,,6.0,
by_L,best_tested_T_over_K,row_power_cv,-0.2194786763289862,0.2194786763289862,5600,,6.0,
by_L,best_tested_T_over_K,row_power_cv,-0.2172273537385681,0.2172273537385681,5600,,8.0,
by_L,best_tested_T_over_K,row_power_p95_p50,-0.21721047463373291,0.21721047463373291,5600,,6.0,
by_L,best_tested_T_over_K,tail_mass_p95,-0.21605487693654896,0.21605487693654896,5600,,8.0,
by_L,best_tested_T_over_K,row_power_p95_p50,-0.211818962208512,0.211818962208512,5600,,8.0,
by_L,best_tested_T_over_K,tail_mass_p99,-0.20914483492267463,0.20914483492267463,5600,,10.0,
by_L,best_tested_T_over_K,tail_mass_p90,-0.2080282751248278,0.2080282751248278,5600,,4.0,
by_L,best_tested_T_over_K,tail_mass_p99,-0.20301689911648554,0.20301689911648554,5600,,6.0,
by_L,best_tested_T_over_K,row_power_p99_p50,-0.20219712599429157,0.20219712599429157,5600,,10.0,
by_L,best_tested_T_over_K,tail_mass_p99,-0.19941077805847454,0.19941077805847454,5600,,8.0,
by_L,best_tested_T_over_K,row_power_p99_p50,-0.19898934886010602,0.19898934886010602,5600,,6.0,
by_L,best_tested_T_over_K,tail_mass_p95,-0.1964169127707531,0.1964169127707531,5600,,4.0,
by_L,best_tested_T_over_K,row_power_cv,-0.1950062140620192,0.1950062140620192,5600,,4.0,
by_L,best_tested_T_over_K,row_power_p95_p50,-0.1946372963571621,0.1946372963571621,5600,,4.0,
by_L,best_tested_T_over_K,row_power_p99_p50,-0.19158874136307635,0.19158874136307635,5600,,8.0,
by_L,best_tested_T_over_K,row_power_skew3,-0.18377330288418095,0.18377330288418095,5600,,10.0,
by_L,best_tested_T_over_K,tail_mass_p99,-0.1805318236692722,0.1805318236692722,5600,,4.0,
by_L,best_tested_T_over_K,row_power_skew3,-0.17707565233776723,0.17707565233776723,5600,,6.0,
by_L,best_tested_T_over_K,log_power_gap_max,-0.1761984537328944,0.1761984537328944,5600,,10.0,
by_L,best_tested_T_over_K,row_power_skew3,-0.17349046198200052,0.17349046198200052,5600,,8.0,
by_L,best_tested_T_over_K,row_power_p99_p50,-0.17313344215941875,0.17313344215941875,5600,,4.0,
by_L,best_tested_T_over_K,log_power_gap_max,-0.17297271525540905,0.17297271525540905,5600,,8.0,
by_L,best_tested_T_over_K,tail_mass_p80,-0.17221291220399126,0.17221291220399126,5600,,2.0,
by_L,best_tested_T_over_K,row_power_max_p95,-0.15782254905187032,0.15782254905187032,5600,,10.0,
by_L,best_tested_T_over_K,tail_mass_p90,-0.15686972727944595,0.15686972727944595,5600,,2.0,
by_L,best_tested_T_over_K,row_power_max_p95,-0.15498914948384615,0.15498914948384615,5600,,6.0,
by_L,best_tested_T_over_K,row_power_p95_p50,-0.15136950581000283,0.15136950581000283,5600,,2.0,
by_L,best_tested_T_over_K,row_power_skew3,-0.1506167425603088,0.1506167425603088,5600,,4.0,
by_L,best_tested_T_over_K,row_power_max_p95,-0.14909295555553817,0.14909295555553817,5600,,8.0,
by_L,best_tested_T_over_K,row_power_cv,-0.14340979303212384,0.14340979303212384,5600,,2.0,
by_L,best_tested_T_over_K,log_power_gap_max,-0.1433574026358322,0.1433574026358322,5600,,6.0,
by_L,best_tested_T_over_K,tail_mass_p95,-0.14218956053828855,0.14218956053828855,5600,,2.0,
by_L,best_tested_T_over_K,row_power_max_p95,-0.1294416465004465,0.1294416465004465,5600,,4.0,
by_L,best_tested_T_over_K,tail_mass_p99,-0.1288974554947031,0.1288974554947031,5600,,2.0,
by_L,best_tested_T_over_K,row_power_p99_p50,-0.122425976777569,0.122425976777569,5600,,2.0,
by_L,best_tested_T_over_K,log_power_gap_max,-0.11794044978341768,0.11794044978341768,5600,,4.0,
by_L,best_tested_T_over_K,row_power_skew3,-0.10907059403823273,0.10907059403823273,5600,,2.0,
by_L,best_tested_T_over_K,row_power_max_p95,-0.09217983829147258,0.09217983829147258,5600,,2.0,
by_L,best_tested_T_over_K,log_power_gap_rank_pct,0.08800055757705298,0.08800055757705298,5600,,6.0,
by_L,best_tested_T_over_K,log_power_gap_rank_pct,0.06734899716777186,0.06734899716777186,5600,,4.0,
by_L,best_tested_T_over_K,log_power_gap_rank_pct,0.0659704583526973,0.0659704583526973,5600,,10.0,
by_L,best_tested_T_over_K,log_power_gap_rank_pct,0.06049498647319313,0.06049498647319313,5600,,8.0,
by_L,best_tested_T_over_K,log_power_gap_rank_pct,0.05757976018404918,0.05757976018404918,5600,,2.0,
by_L,best_tested_T_over_K,log_power_gap_rank,0.04966998836523806,0.04966998836523806,5600,,10.0,
by_L,best_tested_T_over_K,log_power_gap_rank,0.04537490203548054,0.04537490203548054,5600,,6.0,
by_L,best_tested_T_over_K,log_power_gap_rank,0.039761971816945,0.039761971816945,5600,,8.0,
by_L,best_tested_T_over_K,log_power_gap_rank,0.03327648258789549,0.03327648258789549,5600,,4.0,
by_L,best_tested_T_over_K,log_power_gap_rank,0.020848694230582762,0.020848694230582762,5600,,2.0,
by_L,best_tested_T_over_K,log_power_gap_max,0.005165371266412657,0.005165371266412657,5600,,2.0,
by_L,best_tested_T_over_N,tail_mass_p80,-0.26712977801742754,0.26712977801742754,5600,,10.0,
by_L,best_tested_T_over_N,tail_mass_p80,-0.2616536718458328,0.2616536718458328,5600,,6.0,
by_L,best_tested_T_over_N,tail_mass_p80,-0.2600451535079203,0.2600451535079203,5600,,8.0,
by_L,best_tested_T_over_N,tail_mass_p90,-0.2545957926945403,0.2545957926945403,5600,,10.0,
by_L,best_tested_T_over_N,tail_mass_p90,-0.24902432213758696,0.24902432213758696,5600,,6.0,
by_L,best_tested_T_over_N,tail_mass_p90,-0.24706315560087,0.24706315560087,5600,,8.0,
by_L,best_tested_T_over_N,row_power_cv,-0.24344689473755962,0.24344689473755962,5600,,10.0,
by_L,best_tested_T_over_N,tail_mass_p95,-0.24320085885394735,0.24320085885394735,5600,,10.0,
by_L,best_tested_T_over_N,tail_mass_p80,-0.24247479535465372,0.24247479535465372,5600,,4.0,
by_L,best_tested_T_over_N,row_power_p95_p50,-0.23804588301650073,0.23804588301650073,5600,,10.0,
by_L,best_tested_T_over_N,tail_mass_p95,-0.2373936693516899,0.2373936693516899,5600,,6.0,
by_L,best_tested_T_over_N,row_power_cv,-0.23692963351134078,0.23692963351134078,5600,,6.0,
by_L,best_tested_T_over_N,row_power_cv,-0.2363890359373164,0.2363890359373164,5600,,8.0,
by_L,best_tested_T_over_N,tail_mass_p95,-0.23515879727889907,0.23515879727889907,5600,,8.0,
by_L,best_tested_T_over_N,row_power_p95_p50,-0.23373850142484331,0.23373850142484331,5600,,6.0,
by_L,best_tested_T_over_N,row_power_p95_p50,-0.23032877230767307,0.23032877230767307,5600,,8.0,
by_L,best_tested_T_over_N,tail_mass_p90,-0.22859233593452757,0.22859233593452757,5600,,4.0,
by_L,best_tested_T_over_N,tail_mass_p99,-0.22448888989824006,0.22448888989824006,5600,,10.0,
by_L,best_tested_T_over_N,tail_mass_p99,-0.2193692128008016,0.2193692128008016,5600,,6.0,
by_L,best_tested_T_over_N,tail_mass_p99,-0.21762991954322264,0.21762991954322264,5600,,8.0,
by_L,best_tested_T_over_N,row_power_p99_p50,-0.21716368378949855,0.21716368378949855,5600,,10.0,
by_L,best_tested_T_over_N,tail_mass_p95,-0.21614596998241087,0.21614596998241087,5600,,4.0,
by_L,best_tested_T_over_N,row_power_p99_p50,-0.21536123808983448,0.21536123808983448,5600,,6.0,
by_L,best_tested_T_over_N,row_power_cv,-0.21511725076443183,0.21511725076443183,5600,,4.0,
by_L,best_tested_T_over_N,row_power_p95_p50,-0.21389826791254737,0.21389826791254737,5600,,4.0,
by_L,best_tested_T_over_N,row_power_p99_p50,-0.20954584274358595,0.20954584274358595,5600,,8.0,
by_L,best_tested_T_over_N,tail_mass_p99,-0.19971241404971712,0.19971241404971712,5600,,4.0,
by_L,best_tested_T_over_N,row_power_skew3,-0.19668685695858293,0.19668685695858293,5600,,10.0,
by_L,best_tested_T_over_N,row_power_p99_p50,-0.19192388361258592,0.19192388361258592,5600,,4.0,
by_L,best_tested_T_over_N,row_power_skew3,-0.1918739119504337,0.1918739119504337,5600,,6.0,
by_L,best_tested_T_over_N,log_power_gap_max,-0.190905279452033,0.190905279452033,5600,,10.0,
by_L,best_tested_T_over_N,log_power_gap_max,-0.1882785288677143,0.1882785288677143,5600,,8.0,
by_L,best_tested_T_over_N,row_power_skew3,-0.1881418696728355,0.1881418696728355,5600,,8.0,
by_L,best_tested_T_over_N,tail_mass_p80,-0.18637792679753892,0.18637792679753892,5600,,2.0,
by_L,best_tested_T_over_N,row_power_max_p95,-0.16960612705424624,0.16960612705424624,5600,,10.0,
by_L,best_tested_T_over_N,row_power_max_p95,-0.169560185876281,0.169560185876281,5600,,6.0,
by_L,best_tested_T_over_N,tail_mass_p90,-0.1689620428099933,0.1689620428099933,5600,,2.0,
by_L,best_tested_T_over_N,row_power_skew3,-0.1666716073574513,0.1666716073574513,5600,,4.0,
by_L,best_tested_T_over_N,row_power_p95_p50,-0.16323440930413635,0.16323440930413635,5600,,2.0,
by_L,best_tested_T_over_N,row_power_max_p95,-0.16252486879050249,0.16252486879050249,5600,,8.0,
by_L,best_tested_T_over_N,row_power_cv,-0.15599056916791967,0.15599056916791967,5600,,2.0,
by_L,best_tested_T_over_N,log_power_gap_max,-0.15415375332618358,0.15415375332618358,5600,,6.0,
by_L,best_tested_T_over_N,tail_mass_p95,-0.15282414091317528,0.15282414091317528,5600,,2.0,
by_L,best_tested_T_over_N,row_power_max_p95,-0.14450026849170994,0.14450026849170994,5600,,4.0,
by_L,best_tested_T_over_N,tail_mass_p99,-0.13985151490519085,0.13985151490519085,5600,,2.0,
by_L,best_tested_T_over_N,row_power_p99_p50,-0.13212335966045002,0.13212335966045002,5600,,2.0,
by_L,best_tested_T_over_N,log_power_gap_max,-0.12728962132911611,0.12728962132911611,5600,,4.0,
by_L,best_tested_T_over_N,row_power_skew3,-0.11822538583855145,0.11822538583855145,5600,,2.0,
by_L,best_tested_T_over_N,row_power_max_p95,-0.10094304197297571,0.10094304197297571,5600,,2.0,
by_L,best_tested_T_over_N,log_power_gap_rank_pct,0.09554439943225476,0.09554439943225476,5600,,6.0,
by_L,best_tested_T_over_N,log_power_gap_rank_pct,0.07189508451749624,0.07189508451749624,5600,,4.0,
by_L,best_tested_T_over_N,log_power_gap_rank_pct,0.0671428124897388,0.0671428124897388,5600,,10.0,
by_L,best_tested_T_over_N,log_power_gap_rank_pct,0.06451296211335453,0.06451296211335453,5600,,8.0,
by_L,best_tested_T_over_N,log_power_gap_rank_pct,0.06403386780602054,0.06403386780602054,5600,,2.0,
by_L,best_tested_T_over_N,log_power_gap_rank,0.050497430046865376,0.050497430046865376,5600,,10.0,
by_L,best_tested_T_over_N,log_power_gap_rank,0.04632153068653333,0.04632153068653333,5600,,6.0,
by_L,best_tested_T_over_N,log_power_gap_rank,0.04014213296312733,0.04014213296312733,5600,,8.0,
by_L,best_tested_T_over_N,log_power_gap_rank,0.03354665130148459,0.03354665130148459,5600,,4.0,
by_L,best_tested_T_over_N,log_power_gap_rank,0.02677378222426524,0.02677378222426524,5600,,2.0,
by_L,best_tested_T_over_N,log_power_gap_max,0.006358248095906041,0.006358248095906041,5600,,2.0,
by_active_pct,best_tested_T_over_K,tail_mass_p80,-0.2961772256826296,0.2961772256826296,14000,,,50.0
by_active_pct,best_tested_T_over_K,tail_mass_p80,-0.2815962942468955,0.2815962942468955,14000,,,25.0
by_active_pct,best_tested_T_over_K,tail_mass_p90,-0.27383051526780533,0.27383051526780533,14000,,,50.0
by_active_pct,best_tested_T_over_K,tail_mass_p90,-0.26262323460530995,0.26262323460530995,14000,,,25.0
by_active_pct,best_tested_T_over_K,row_power_cv,-0.2604146789986648,0.2604146789986648,14000,,,50.0
by_active_pct,best_tested_T_over_K,tail_mass_p95,-0.2555208569983601,0.2555208569983601,14000,,,50.0
by_active_pct,best_tested_T_over_K,row_power_cv,-0.24578225327028005,0.24578225327028005,14000,,,25.0
by_active_pct,best_tested_T_over_K,tail_mass_p95,-0.244949668517136,0.244949668517136,14000,,,25.0
by_active_pct,best_tested_T_over_K,row_power_p95_p50,-0.24467147433840092,0.24467147433840092,14000,,,50.0
by_active_pct,best_tested_T_over_K,row_power_p95_p50,-0.23757021356100996,0.23757021356100996,14000,,,25.0
by_active_pct,best_tested_T_over_K,tail_mass_p99,-0.22943723582906905,0.22943723582906905,14000,,,50.0
by_active_pct,best_tested_T_over_K,tail_mass_p99,-0.21771403759476907,0.21771403759476907,14000,,,25.0
by_active_pct,best_tested_T_over_K,row_power_p99_p50,-0.21689703672020508,0.21689703672020508,14000,,,50.0
by_active_pct,best_tested_T_over_K,row_power_p99_p50,-0.2052748862846524,0.2052748862846524,14000,,,25.0
by_active_pct,best_tested_T_over_K,log_power_gap_max,-0.19779588332308898,0.19779588332308898,14000,,,50.0
by_active_pct,best_tested_T_over_K,row_power_skew3,-0.19133849847865883,0.19133849847865883,14000,,,50.0
by_active_pct,best_tested_T_over_K,row_power_skew3,-0.1851127414700559,0.1851127414700559,14000,,,25.0
by_active_pct,best_tested_T_over_K,log_power_gap_max,-0.16861455829764005,0.16861455829764005,14000,,,25.0
by_active_pct,best_tested_T_over_K,row_power_max_p95,-0.16732709648017158,0.16732709648017158,14000,,,50.0
by_active_pct,best_tested_T_over_K,row_power_max_p95,-0.15586683182894298,0.15586683182894298,14000,,,25.0
by_active_pct,best_tested_T_over_K,log_power_gap_rank_pct,0.050772464211275056,0.050772464211275056,14000,,,25.0
by_active_pct,best_tested_T_over_K,log_power_gap_rank,0.034389733965034974,0.034389733965034974,14000,,,25.0
by_active_pct,best_tested_T_over_K,log_power_gap_rank_pct,0.031097156350108585,0.031097156350108585,14000,,,50.0
by_active_pct,best_tested_T_over_K,log_power_gap_rank,0.017643753880994904,0.017643753880994904,14000,,,50.0
by_active_pct,best_tested_T_over_N,tail_mass_p80,-0.2961772256826296,0.2961772256826296,14000,,,50.0
by_active_pct,best_tested_T_over_N,tail_mass_p80,-0.2815962942468955,0.2815962942468955,14000,,,25.0
by_active_pct,best_tested_T_over_N,tail_mass_p90,-0.27383051526780533,0.27383051526780533,14000,,,50.0
by_active_pct,best_tested_T_over_N,tail_mass_p90,-0.26262323460530995,0.26262323460530995,14000,,,25.0
by_active_pct,best_tested_T_over_N,row_power_cv,-0.2604146789986648,0.2604146789986648,14000,,,50.0
by_active_pct,best_tested_T_over_N,tail_mass_p95,-0.2555208569983601,0.2555208569983601,14000,,,50.0
by_active_pct,best_tested_T_over_N,row_power_cv,-0.24578225327028005,0.24578225327028005,14000,,,25.0
by_active_pct,best_tested_T_over_N,tail_mass_p95,-0.244949668517136,0.244949668517136,14000,,,25.0
by_active_pct,best_tested_T_over_N,row_power_p95_p50,-0.24467147433840092,0.24467147433840092,14000,,,50.0
by_active_pct,best_tested_T_over_N,row_power_p95_p50,-0.23757021356100996,0.23757021356100996,14000,,,25.0
by_active_pct,best_tested_T_over_N,tail_mass_p99,-0.22943723582906905,0.22943723582906905,14000,,,50.0
by_active_pct,best_tested_T_over_N,tail_mass_p99,-0.21771403759476907,0.21771403759476907,14000,,,25.0
by_active_pct,best_tested_T_over_N,row_power_p99_p50,-0.21689703672020508,0.21689703672020508,14000,,,50.0
by_active_pct,best_tested_T_over_N,row_power_p99_p50,-0.2052748862846524,0.2052748862846524,14000,,,25.0
by_active_pct,best_tested_T_over_N,log_power_gap_max,-0.19779588332308898,0.19779588332308898,14000,,,50.0
by_active_pct,best_tested_T_over_N,row_power_skew3,-0.19133849847865883,0.19133849847865883,14000,,,50.0
by_active_pct,best_tested_T_over_N,row_power_skew3,-0.1851127414700559,0.1851127414700559,14000,,,25.0
by_active_pct,best_tested_T_over_N,log_power_gap_max,-0.16861455829764005,0.16861455829764005,14000,,,25.0
by_active_pct,best_tested_T_over_N,row_power_max_p95,-0.16732709648017158,0.16732709648017158,14000,,,50.0
by_active_pct,best_tested_T_over_N,row_power_max_p95,-0.15586683182894298,0.15586683182894298,14000,,,25.0
by_active_pct,best_tested_T_over_N,log_power_gap_rank_pct,0.050772464211275056,0.050772464211275056,14000,,,25.0
by_active_pct,best_tested_T_over_N,log_power_gap_rank,0.034389733965034974,0.034389733965034974,14000,,,25.0
by_active_pct,best_tested_T_over_N,log_power_gap_rank_pct,0.031097156350108585,0.031097156350108585,14000,,,50.0
by_active_pct,best_tested_T_over_N,log_power_gap_rank,0.017643753880994904,0.017643753880994904,14000,,,50.0
by_profile,best_tested_T_over_K,row_power_cv,-0.3939521158698844,0.3939521158698844,4000,rician,,
by_profile,best_tested_T_over_K,tail_mass_p80,-0.3938104501132019,0.3938104501132019,4000,rician,,
by_profile,best_tested_T_over_K,row_power_p95_p50,-0.3894827576460082,0.3894827576460082,4000,rician,,
by_profile,best_tested_T_over_K,tail_mass_p90,-0.3892505756604204,0.3892505756604204,4000,rician,,
by_profile,best_tested_T_over_K,row_power_p99_p50,-0.38894739629174674,0.38894739629174674,4000,rician,,
by_profile,best_tested_T_over_K,tail_mass_p95,-0.3874487779168177,0.3874487779168177,4000,rician,,
by_profile,best_tested_T_over_K,tail_mass_p99,-0.38436952646014894,0.38436952646014894,4000,rician,,
by_profile,best_tested_T_over_K,row_power_skew3,-0.3312382249805191,0.3312382249805191,4000,rician,,
by_profile,best_tested_T_over_K,row_power_max_p95,-0.2839106743694977,0.2839106743694977,4000,rician,,
by_profile,best_tested_T_over_K,tail_mass_p80,-0.2618857967148199,0.2618857967148199,4000,twdp,,
by_profile,best_tested_T_over_K,row_power_p95_p50,-0.26180561093769256,0.26180561093769256,4000,twdp,,
by_profile,best_tested_T_over_K,row_power_cv,-0.2581492125809232,0.2581492125809232,4000,twdp,,
by_profile,best_tested_T_over_K,tail_mass_p90,-0.2541159324446195,0.2541159324446195,4000,twdp,,
by_profile,best_tested_T_over_K,tail_mass_p80,-0.2462986094035086,0.2462986094035086,4000,gaussian,,
by_profile,best_tested_T_over_K,row_power_p95_p50,-0.24562041830351208,0.24562041830351208,4000,gaussian,,
by_profile,best_tested_T_over_K,row_power_cv,-0.24010220476401503,0.24010220476401503,4000,gaussian,,
by_profile,best_tested_T_over_K,tail_mass_p95,-0.23802657333965993,0.23802657333965993,4000,twdp,,
by_profile,best_tested_T_over_K,row_power_p99_p50,-0.23720274051272514,0.23720274051272514,4000,twdp,,
by_profile,best_tested_T_over_K,tail_mass_p90,-0.2360207663319128,0.2360207663319128,4000,gaussian,,
by_profile,best_tested_T_over_K,tail_mass_p99,-0.2354991277590319,0.2354991277590319,4000,twdp,,
by_profile,best_tested_T_over_K,tail_mass_p80,-0.23401834506877559,0.23401834506877559,4000,rayleigh,,
by_profile,best_tested_T_over_K,row_power_p95_p50,-0.23167867780463822,0.23167867780463822,4000,rayleigh,,
by_profile,best_tested_T_over_K,row_power_cv,-0.22731047421229938,0.22731047421229938,4000,rayleigh,,
by_profile,best_tested_T_over_K,log_power_gap_max,-0.22401979789453538,0.22401979789453538,4000,rician,,
by_profile,best_tested_T_over_K,tail_mass_p90,-0.22358578585264022,0.22358578585264022,4000,rayleigh,,
by_profile,best_tested_T_over_K,tail_mass_p99,-0.2193748718423081,0.2193748718423081,4000,gaussian,,
by_profile,best_tested_T_over_K,tail_mass_p95,-0.21876127131486398,0.21876127131486398,4000,gaussian,,
by_profile,best_tested_T_over_K,row_power_p99_p50,-0.21796548451362238,0.21796548451362238,4000,gaussian,,
by_profile,best_tested_T_over_K,tail_mass_p95,-0.20613196837935738,0.20613196837935738,4000,rayleigh,,
by_profile,best_tested_T_over_K,row_power_p99_p50,-0.20593154026774407,0.20593154026774407,4000,rayleigh,,
by_profile,best_tested_T_over_K,tail_mass_p99,-0.2019440678733505,0.2019440678733505,4000,rayleigh,,
by_profile,best_tested_T_over_K,row_power_p95_p50,-0.1747359523277045,0.1747359523277045,4000,lognormal,,
by_profile,best_tested_T_over_K,row_power_skew3,-0.17471118681177253,0.17471118681177253,4000,gaussian,,
by_profile,best_tested_T_over_K,tail_mass_p80,-0.1659307310134936,0.1659307310134936,4000,nakagami,,
by_profile,best_tested_T_over_K,row_power_skew3,-0.16141331202545622,0.16141331202545622,4000,twdp,,
by_profile,best_tested_T_over_K,row_power_cv,-0.1608917716756698,0.1608917716756698,4000,nakagami,,
by_profile,best_tested_T_over_K,row_power_p95_p50,-0.1587514537038026,0.1587514537038026,4000,nakagami,,
by_profile,best_tested_T_over_K,row_power_skew3,-0.15636902274253128,0.15636902274253128,4000,rayleigh,,
by_profile,best_tested_T_over_K,tail_mass_p90,-0.15479161343648237,0.15479161343648237,4000,nakagami,,
by_profile,best_tested_T_over_K,log_power_gap_max,-0.1532831516007889,0.1532831516007889,4000,twdp,,
by_profile,best_tested_T_over_K,log_power_gap_max,-0.14627734865031541,0.14627734865031541,4000,gaussian,,
by_profile,best_tested_T_over_K,row_power_max_p95,-0.1427270045677647,0.1427270045677647,4000,gaussian,,
by_profile,best_tested_T_over_K,row_power_p99_p50,-0.14237090505442473,0.14237090505442473,4000,nakagami,,
by_profile,best_tested_T_over_K,tail_mass_p95,-0.13928166531722433,0.13928166531722433,4000,nakagami,,
by_profile,best_tested_T_over_K,tail_mass_p99,-0.13718049934413587,0.13718049934413587,4000,nakagami,,
by_profile,best_tested_T_over_K,row_power_max_p95,-0.13636959315641312,0.13636959315641312,4000,twdp,,
by_profile,best_tested_T_over_K,log_power_gap_max,-0.11569702836564076,0.11569702836564076,4000,rayleigh,,
by_profile,best_tested_T_over_K,tail_mass_p95,0.1141782686996591,0.1141782686996591,4000,lognormal,,
by_profile,best_tested_T_over_K,row_power_max_p95,-0.11114206408958249,0.11114206408958249,4000,rayleigh,,
by_profile,best_tested_T_over_K,row_power_p95_p50,-0.09962093606157586,0.09962093606157586,4000,thin_tail,,
by_profile,best_tested_T_over_K,row_power_max_p95,-0.0950507307381616,0.0950507307381616,4000,nakagami,,
by_profile,best_tested_T_over_K,tail_mass_p80,-0.09461622219892077,0.09461622219892077,4000,thin_tail,,
by_profile,best_tested_T_over_K,tail_mass_p99,0.091452969151761,0.091452969151761,4000,lognormal,,
by_profile,best_tested_T_over_K,log_power_gap_max,-0.09100209532383727,0.09100209532383727,4000,nakagami,,
by_profile,best_tested_T_over_K,row_power_skew3,-0.08450779543930481,0.08450779543930481,4000,nakagami,,
by_profile,best_tested_T_over_K,log_power_gap_max,-0.07183254293072729,0.07183254293072729,4000,thin_tail,,
by_profile,best_tested_T_over_K,row_power_cv,-0.06749421240374542,0.06749421240374542,4000,thin_tail,,
by_profile,best_tested_T_over_K,tail_mass_p90,-0.06568228429894508,0.06568228429894508,4000,thin_tail,,
by_profile,best_tested_T_over_K,tail_mass_p80,-0.05628109870538184,0.05628109870538184,4000,lognormal,,
by_profile,best_tested_T_over_K,row_power_max_p95,0.055394288194369055,0.055394288194369055,4000,lognormal,,
by_profile,best_tested_T_over_K,log_power_gap_rank_pct,-0.05462470747962503,0.05462470747962503,4000,gaussian,,
by_profile,best_tested_T_over_K,row_power_cv,0.05341278334893786,0.05341278334893786,4000,lognormal,,
by_profile,best_tested_T_over_K,log_power_gap_rank_pct,-0.05233533127039663,0.05233533127039663,4000,rician,,
by_profile,best_tested_T_over_K,log_power_gap_rank_pct,-0.05201874803389412,0.05201874803389412,4000,rayleigh,,
by_profile,best_tested_T_over_K,row_power_p99_p50,0.050555201094022874,0.050555201094022874,4000,lognormal,,
by_profile,best_tested_T_over_K,log_power_gap_rank_pct,-0.04845719377493862,0.04845719377493862,4000,twdp,,
by_profile,best_tested_T_over_K,row_power_skew3,0.04139020829678092,0.04139020829678092,4000,lognormal,,
by_profile,best_tested_T_over_K,tail_mass_p99,-0.0351832897993631,0.0351832897993631,4000,thin_tail,,
by_profile,best_tested_T_over_K,row_power_p99_p50,-0.034557879858970804,0.034557879858970804,4000,thin_tail,,
by_profile,best_tested_T_over_K,log_power_gap_rank,0.033920712397512064,0.033920712397512064,4000,thin_tail,,
by_profile,best_tested_T_over_K,log_power_gap_rank,-0.031797529364739875,0.031797529364739875,4000,rician,,
by_profile,best_tested_T_over_K,tail_mass_p95,-0.02194136816837528,0.02194136816837528,4000,thin_tail,,
by_profile,best_tested_T_over_K,log_power_gap_rank_pct,-0.021916856319738626,0.021916856319738626,4000,lognormal,,
by_profile,best_tested_T_over_K,row_power_skew3,0.020893585775933386,0.020893585775933386,4000,thin_tail,,
by_profile,best_tested_T_over_K,tail_mass_p90,0.017917491613066786,0.017917491613066786,4000,lognormal,,
by_profile,best_tested_T_over_K,log_power_gap_max,-0.017351467299251994,0.017351467299251994,4000,lognormal,,
by_profile,best_tested_T_over_K,log_power_gap_rank,0.016266924754701324,0.016266924754701324,4000,lognormal,,
by_profile,best_tested_T_over_K,log_power_gap_rank,0.013643625602146641,0.013643625602146641,4000,rayleigh,,
by_profile,best_tested_T_over_K,log_power_gap_rank,-0.009786041031400275,0.009786041031400275,4000,twdp,,
by_profile,best_tested_T_over_K,row_power_max_p95,0.008926015686195918,0.008926015686195918,4000,thin_tail,,
by_profile,best_tested_T_over_K,log_power_gap_rank_pct,-0.007065269983177491,0.007065269983177491,4000,thin_tail,,
by_profile,best_tested_T_over_K,log_power_gap_rank,-0.0042372012102566935,0.0042372012102566935,4000,gaussian,,
by_profile,best_tested_T_over_K,log_power_gap_rank_pct,-0.002345519312323056,0.002345519312323056,4000,nakagami,,
by_profile,best_tested_T_over_K,log_power_gap_rank,-0.0012872134767452105,0.0012872134767452105,4000,nakagami,,
by_profile,best_tested_T_over_N,row_power_cv,-0.5018004076650721,0.5018004076650721,4000,rician,,
by_profile,best_tested_T_over_N,tail_mass_p80,-0.5008438435062463,0.5008438435062463,4000,rician,,
by_profile,best_tested_T_over_N,tail_mass_p90,-0.495268993812487,0.495268993812487,4000,rician,,
by_profile,best_tested_T_over_N,row_power_p95_p50,-0.494657820538845,0.494657820538845,4000,rician,,
by_profile,best_tested_T_over_N,row_power_p99_p50,-0.4945824395690159,0.4945824395690159,4000,rician,,
by_profile,best_tested_T_over_N,tail_mass_p95,-0.4933512439303074,0.4933512439303074,4000,rician,,
by_profile,best_tested_T_over_N,tail_mass_p99,-0.489338637047793,0.489338637047793,4000,rician,,
by_profile,best_tested_T_over_N,row_power_skew3,-0.41897874015390074,0.41897874015390074,4000,rician,,
by_profile,best_tested_T_over_N,row_power_max_p95,-0.363147120564269,0.363147120564269,4000,rician,,
by_profile,best_tested_T_over_N,tail_mass_p80,-0.29586587096983596,0.29586587096983596,4000,twdp,,
by_profile,best_tested_T_over_N,row_power_p95_p50,-0.2924653961220133,0.2924653961220133,4000,twdp,,
by_profile,best_tested_T_over_N,row_power_cv,-0.29213348822781093,0.29213348822781093,4000,twdp,,
by_profile,best_tested_T_over_N,tail_mass_p90,-0.2865892170297037,0.2865892170297037,4000,twdp,,
by_profile,best_tested_T_over_N,log_power_gap_max,-0.28515060422648986,0.28515060422648986,4000,rician,,
by_profile,best_tested_T_over_N,row_power_p99_p50,-0.2707382539250062,0.2707382539250062,4000,twdp,,
by_profile,best_tested_T_over_N,tail_mass_p80,-0.2700246973288534,0.2700246973288534,4000,gaussian,,
by_profile,best_tested_T_over_N,tail_mass_p95,-0.2699785282998247,0.2699785282998247,4000,twdp,,
by_profile,best_tested_T_over_N,tail_mass_p99,-0.2684346293729008,0.2684346293729008,4000,twdp,,
by_profile,best_tested_T_over_N,row_power_p95_p50,-0.2660747915087091,0.2660747915087091,4000,gaussian,,
by_profile,best_tested_T_over_N,row_power_cv,-0.26395957590626035,0.26395957590626035,4000,gaussian,,
by_profile,best_tested_T_over_N,tail_mass_p90,-0.2583745786635913,0.2583745786635913,4000,gaussian,,
by_profile,best_tested_T_over_N,tail_mass_p80,-0.2563197684394197,0.2563197684394197,4000,rayleigh,,
by_profile,best_tested_T_over_N,row_power_cv,-0.2500697607650227,0.2500697607650227,4000,rayleigh,,
by_profile,best_tested_T_over_N,row_power_p95_p50,-0.24980243046073114,0.24980243046073114,4000,rayleigh,,
by_profile,best_tested_T_over_N,tail_mass_p90,-0.24432777221375732,0.24432777221375732,4000,rayleigh,,
by_profile,best_tested_T_over_N,tail_mass_p99,-0.24311860498735707,0.24311860498735707,4000,gaussian,,
by_profile,best_tested_T_over_N,row_power_p99_p50,-0.24256594133158116,0.24256594133158116,4000,gaussian,,
by_profile,best_tested_T_over_N,tail_mass_p95,-0.2414808807168422,0.2414808807168422,4000,gaussian,,
by_profile,best_tested_T_over_N,row_power_p99_p50,-0.2289403190871562,0.2289403190871562,4000,rayleigh,,
by_profile,best_tested_T_over_N,tail_mass_p95,-0.22738313507622923,0.22738313507622923,4000,rayleigh,,
by_profile,best_tested_T_over_N,tail_mass_p99,-0.2254166254783657,0.2254166254783657,4000,rayleigh,,
by_profile,best_tested_T_over_N,row_power_skew3,-0.19364247625808617,0.19364247625808617,4000,gaussian,,
by_profile,best_tested_T_over_N,tail_mass_p80,-0.185920768868693,0.185920768868693,4000,nakagami,,
by_profile,best_tested_T_over_N,row_power_skew3,-0.18362402494003294,0.18362402494003294,4000,twdp,,
by_profile,best_tested_T_over_N,row_power_cv,-0.18121397149251262,0.18121397149251262,4000,nakagami,,
by_profile,best_tested_T_over_N,row_power_p95_p50,-0.17450773027629998,0.17450773027629998,4000,nakagami,,
by_profile,best_tested_T_over_N,row_power_skew3,-0.17377186876667708,0.17377186876667708,4000,rayleigh,,
by_profile,best_tested_T_over_N,tail_mass_p90,-0.1728736855017259,0.1728736855017259,4000,nakagami,,
by_profile,best_tested_T_over_N,log_power_gap_max,-0.169632623734919,0.169632623734919,4000,twdp,,
by_profile,best_tested_T_over_N,row_power_max_p95,-0.16331658853482175,0.16331658853482175,4000,gaussian,,
by_profile,best_tested_T_over_N,row_power_max_p95,-0.1615922780970022,0.1615922780970022,4000,twdp,,
by_profile,best_tested_T_over_N,row_power_p99_p50,-0.16153661588119253,0.16153661588119253,4000,nakagami,,
by_profile,best_tested_T_over_N,tail_mass_p95,-0.15770611541771334,0.15770611541771334,4000,nakagami,,
by_profile,best_tested_T_over_N,row_power_p95_p50,-0.15728875069191012,0.15728875069191012,4000,lognormal,,
by_profile,best_tested_T_over_N,log_power_gap_max,-0.15616252605288047,0.15616252605288047,4000,gaussian,,
by_profile,best_tested_T_over_N,tail_mass_p99,-0.15558677741375487,0.15558677741375487,4000,nakagami,,
by_profile,best_tested_T_over_N,row_power_max_p95,-0.13354524435188883,0.13354524435188883,4000,rayleigh,,
by_profile,best_tested_T_over_N,log_power_gap_max,-0.12830586085156387,0.12830586085156387,4000,rayleigh,,
by_profile,best_tested_T_over_N,row_power_max_p95,-0.11136376786853805,0.11136376786853805,4000,nakagami,,
by_profile,best_tested_T_over_N,tail_mass_p95,0.10959513264953245,0.10959513264953245,4000,lognormal,,
by_profile,best_tested_T_over_N,tail_mass_p80,-0.10423262497477581,0.10423262497477581,4000,thin_tail,,
by_profile,best_tested_T_over_N,row_power_p95_p50,-0.10050450635941975,0.10050450635941975,4000,thin_tail,,
by_profile,best_tested_T_over_N,log_power_gap_max,-0.10046508811819238,0.10046508811819238,4000,nakagami,,
by_profile,best_tested_T_over_N,row_power_skew3,-0.09447245456393917,0.09447245456393917,4000,nakagami,,
by_profile,best_tested_T_over_N,tail_mass_p99,0.07894022099810533,0.07894022099810533,4000,lognormal,,
by_profile,best_tested_T_over_N,row_power_cv,-0.07845934449617166,0.07845934449617166,4000,thin_tail,,
by_profile,best_tested_T_over_N,tail_mass_p90,-0.07360649509500801,0.07360649509500801,4000,thin_tail,,
by_profile,best_tested_T_over_N,log_power_gap_max,-0.07252806958763354,0.07252806958763354,4000,thin_tail,,
by_profile,best_tested_T_over_N,log_power_gap_rank_pct,-0.07236157173536704,0.07236157173536704,4000,rician,,
by_profile,best_tested_T_over_N,tail_mass_p80,-0.06013800088742864,0.06013800088742864,4000,lognormal,,
by_profile,best_tested_T_over_N,log_power_gap_rank_pct,-0.05845164742767182,0.05845164742767182,4000,rayleigh,,
by_profile,best_tested_T_over_N,log_power_gap_rank_pct,-0.05800297037850356,0.05800297037850356,4000,gaussian,,
by_profile,best_tested_T_over_N,log_power_gap_rank_pct,-0.05419701800804773,0.05419701800804773,4000,twdp,,
by_profile,best_tested_T_over_N,row_power_p99_p50,-0.05174632185612826,0.05174632185612826,4000,thin_tail,,
by_profile,best_tested_T_over_N,row_power_max_p95,0.047584937837524335,0.047584937837524335,4000,lognormal,,
by_profile,best_tested_T_over_N,log_power_gap_rank,-0.047458383148310294,0.047458383148310294,4000,rician,,
by_profile,best_tested_T_over_N,tail_mass_p99,-0.04706018224203569,0.04706018224203569,4000,thin_tail,,
by_profile,best_tested_T_over_N,row_power_cv,0.04581310989457932,0.04581310989457932,4000,lognormal,,
by_profile,best_tested_T_over_N,row_power_p99_p50,0.04097897355516683,0.04097897355516683,4000,lognormal,,
by_profile,best_tested_T_over_N,row_power_skew3,0.03681556959192254,0.03681556959192254,4000,lognormal,,
by_profile,best_tested_T_over_N,tail_mass_p95,-0.034076635986548046,0.034076635986548046,4000,thin_tail,,
by_profile,best_tested_T_over_N,log_power_gap_rank,0.029426538277800146,0.029426538277800146,4000,thin_tail,,
by_profile,best_tested_T_over_N,log_power_gap_rank_pct,-0.020996966271648605,0.020996966271648605,4000,lognormal,,
by_profile,best_tested_T_over_N,log_power_gap_rank,0.020736670825127843,0.020736670825127843,4000,lognormal,,
by_profile,best_tested_T_over_N,tail_mass_p90,0.017981785622626565,0.017981785622626565,4000,lognormal,,
by_profile,best_tested_T_over_N,log_power_gap_max,-0.016016491024858654,0.016016491024858654,4000,lognormal,,
by_profile,best_tested_T_over_N,log_power_gap_rank,-0.013781317678270639,0.013781317678270639,4000,twdp,,
by_profile,best_tested_T_over_N,row_power_skew3,0.012765416537282831,0.012765416537282831,4000,thin_tail,,
by_profile,best_tested_T_over_N,log_power_gap_rank,0.009388468378116166,0.009388468378116166,4000,rayleigh,,
by_profile,best_tested_T_over_N,log_power_gap_rank_pct,-0.008920711671766217,0.008920711671766217,4000,nakagami,,
by_profile,best_tested_T_over_N,row_power_max_p95,-0.005757003784753155,0.005757003784753155,4000,thin_tail,,
by_profile,best_tested_T_over_N,log_power_gap_rank,-0.004841144626597453,0.004841144626597453,4000,gaussian,,
by_profile,best_tested_T_over_N,log_power_gap_rank_pct,-0.004702915996032636,0.004702915996032636,4000,thin_tail,,
by_profile,best_tested_T_over_N,log_power_gap_rank,-0.004633400854036348,0.004633400854036348,4000,nakagami,,
overall,best_tested_T_over_K,tail_mass_p80,-0.26009971190322795,0.26009971190322795,28000,,,
overall,best_tested_T_over_K,tail_mass_p90,-0.241854605982252,0.241854605982252,28000,,,
overall,best_tested_T_over_K,row_power_cv,-0.22759386149569466,0.22759386149569466,28000,,,
overall,best_tested_T_over_K,tail_mass_p95,-0.22561427663238312,0.22561427663238312,28000,,,
overall,best_tested_T_over_K,row_power_p95_p50,-0.21786787506833424,0.21786787506833424,28000,,,
overall,best_tested_T_over_K,tail_mass_p99,-0.2012297101568261,0.2012297101568261,28000,,,
overall,best_tested_T_over_K,row_power_p99_p50,-0.18990374829757498,0.18990374829757498,28000,,,
overall,best_tested_T_over_K,row_power_skew3,-0.16996947911565585,0.16996947911565585,28000,,,
overall,best_tested_T_over_K,log_power_gap_max,-0.16190403108107126,0.16190403108107126,28000,,,
overall,best_tested_T_over_K,row_power_max_p95,-0.14498940692425671,0.14498940692425671,28000,,,
overall,best_tested_T_over_K,log_power_gap_rank_pct,0.04017687317581733,0.04017687317581733,28000,,,
overall,best_tested_T_over_K,log_power_gap_rank,0.026182872013852092,0.026182872013852092,28000,,,
overall,best_tested_T_over_N,tail_mass_p80,-0.28260750527063705,0.28260750527063705,28000,,,
overall,best_tested_T_over_N,tail_mass_p90,-0.26240068102473546,0.26240068102473546,28000,,,
overall,best_tested_T_over_N,row_power_cv,-0.24759392176185235,0.24759392176185235,28000,,,
overall,best_tested_T_over_N,tail_mass_p95,-0.24479966890368035,0.24479966890368035,28000,,,
overall,best_tested_T_over_N,row_power_p95_p50,-0.23588852240473993,0.23588852240473993,28000,,,
overall,best_tested_T_over_N,tail_mass_p99,-0.21871523510016436,0.21871523510016436,28000,,,
overall,best_tested_T_over_N,row_power_p99_p50,-0.2064961283579224,0.2064961283579224,28000,,,
overall,best_tested_T_over_N,row_power_skew3,-0.18413995468804153,0.18413995468804153,28000,,,
overall,best_tested_T_over_N,log_power_gap_max,-0.17918888387999463,0.17918888387999463,28000,,,
overall,best_tested_T_over_N,row_power_max_p95,-0.1580788205649923,0.1580788205649923,28000,,,
overall,best_tested_T_over_N,log_power_gap_rank_pct,0.04008232843389888,0.04008232843389888,28000,,,
overall,best_tested_T_over_N,log_power_gap_rank,0.025482207960172573,0.025482207960172573,28000,,,
